{"_version":13,"locale":"en-us","uid":"bltdf2336ff0fb7140c","ACL":{},"_in_progress":false,"campaign_name":"HpxLearning","communication_type":"Awareness","created_at":"2022-08-09T18:22:15.519Z","created_by":"blt1694396d92625531","customer_type":"Consumer","journey_stage":"Engagement","jump_id":"","product":"HPX","segment_description":"","tags":[],"title":"Welcome - HPX - Learning","updated_at":"2022-11-04T10:56:24.446Z","updated_by":"bltf5c574d327df97fa","url":"/hpxwelcomebanner/bltdf2336ff0fb7140c/","variations":[{"variation":{"variation_id":1,"_metadata":{"uid":"csb4ce270612ea1dd1"},"background_image":{"parent_uid":null,"uid":"bltd92ee708a32bf20c","created_by":"bltba80d10bf85baa29","updated_by":"bltba80d10bf85baa29","created_at":"2022-09-27T15:05:08.269Z","updated_at":"2022-09-27T15:05:08.269Z","content_type":"image/png","file_size":"329134","filename":"WelcomeHeader.png","title":"WelcomeHeader.png","ACL":{},"_version":1,"is_dir":false,"tags":[],"publish_details":{"environment":"blt218722ec8d39dbd8","locale":"en-us","time":"2022-10-03T19:58:12.744Z","user":"blt1694396d92625531"},"url":"https://images.contentstack.io/v3/assets/blt15ad871ba49b8a41/bltd92ee708a32bf20c/63331124fb8e0d2b8a311817/WelcomeHeader.png"},"text_vertical_alignment":"Center","headline_text":"Welcome John","headline_color":"#363645","banner_tagline":"Do more with myHP","tagline_color":"#363645","cta":[{"cta_style":"Primary","cta_type":"URL","interstitial":[],"_metadata":{"uid":"csc873211b266a4dc7"},"target_url_or_deeplink":{"title":"hp","href":"www.hp.com"}},{"cta_style":"Secondary","cta_type":"Deeplink","interstitial":[],"_metadata":{"uid":"csc4588e1d9f89d3c7"},"target_url_or_deeplink":{"title":"deeplink","href":"www.somecustomdeeplink.com"}}],"abn_percentage":null}}],"publish_details":{"environment":"blt218722ec8d39dbd8","locale":"en-us","time":"2022-11-04T10:56:30.991Z","user":"bltf5c574d327df97fa"}}