{
    "_version": 20,
    "locale": "bg-bg",
    "uid": "bltd782d2f0b7e2e7d2",
    "ACL": {},
    "_in_progress": false,
    "campaign_name": "Displaycontrol",
    "created_at": "2022-09-05T15:37:07.196Z",
    "created_by": "blt1694396d92625531",
    "dismissible": false,
    "single_line": "",
    "tags": [],
    "title": "Display Control - HPX",
    "updated_at": "2022-11-04T10:58:20.371Z",
    "updated_by": "bltf5c574d327df97fa",
    "url": "/hpxactiontile/bltd782d2f0b7e2e7d2",
    "variations": [
        {
            "variation": {
                "variation_id": 1,
                "_metadata": {
                    "uid": "csb362f4f79b165db0"
                },
                "icon": {
                    "uid": "bltfd319ed4de13b358",
                    "created_by": "blt1694396d92625531",
                    "updated_by": "blt1694396d92625531",
                    "created_at": "2022-09-02T15:30:58.614Z",
                    "updated_at": "2022-09-02T15:30:58.614Z",
                    "content_type": "image/svg+xml",
                    "file_size": "588",
                    "filename": "displaycontrol.svg",
                    "title": "displaycontrol.svg",
                    "ACL": {},
                    "_version": 1,
                    "parent_uid": null,
                    "is_dir": false,
                    "tags": [],
                    "publish_details": {
                        "environment": "blt218722ec8d39dbd8",
                        "locale": "en-us",
                        "time": "2022-09-05T15:37:31.608Z",
                        "user": "blt1694396d92625531"
                    },
                    "url": "https://images.contentstack.io/v3/assets/blt15ad871ba49b8a41/bltfd319ed4de13b358/631221b2c593ff7e8241bcaa/displaycontrol.svg"
                },
                "action_title": "Display Control",
                "action_description": "Customize your computer’s display settings",
                "abn_percentage": null,
                "cta": {
                    "cta_type": "Deeplink",
                    "interstitial": [],
                    "target_url_or_deeplink": {
                        "title": "DisplayControl",
                        "href": "hpx://PCDisplay"
                    }
                }
            }
        }
    ],
    "publish_details": {
        "environment": "blt218722ec8d39dbd8",
        "locale": "en-us",
        "time": "2022-11-04T10:58:26.013Z",
        "user": "bltf5c574d327df97fa"
    }
}