{
    "title": "test 3",
    "disclaimer_body": "<p>new</p>",
    "tags": [],
    "locale": "fr-fr",
    "uid": "blt208aa4cc7f3e3591",
    "created_by": "blt1694396d92625531",
    "updated_by": "blt1694396d92625531",
    "created_at": "2022-10-21T17:27:03.476Z",
    "updated_at": "2022-10-21T17:27:03.476Z",
    "ACL": {},
    "_version": 1,
    "_in_progress": false,
    "publish_details": {
        "environment": "blt218722ec8d39dbd8",
        "locale": "en-us",
        "time": "2022-10-24T15:28:43.253Z",
        "user": "blt1694396d92625531"
    }
}