{"_version":1,"locale":"en-us","uid":"blt0d047b6e1ace05b2","ACL":{},"_in_progress":false,"created_at":"2022-09-14T19:41:29.336Z","created_by":"blt1694396d92625531","next_steps_description":"Get the most out of myHP when you sync with your devices and accounts","number_of_tiles":"X of X","tags":[],"title":"Next Steps","updated_at":"2022-09-14T19:41:29.336Z","updated_by":"blt1694396d92625531","publish_details":{"environment":"blt218722ec8d39dbd8","locale":"en-us","time":"2022-09-30T16:19:41.019Z","user":"bltba80d10bf85baa29"}}